project,target,configuration,hash,code,status,start,end
portfolio,lint,,5887335336115631845,0,success,1723949935579,1723949937076
portfolio-e2e,lint,,14093828893400815975,0,success,1723949937076,1723949938227
portfolio,test,,17419834779187099109,0,success,1723949935579,1723949939844
portfolio,build,production,12353187017804213323,0,success,1723949935579,1723949940744
portfolio,build,production,12353187017804213323,0,local-cache,1723950272886,1723950272920
portfolio,build,production,13127561746491802268,0,success,1723950389583,1723950393102
portfolio,serve,development,13584200295780669279,1,failure,1723950535196,1723950535343
portfolio,build,production,18357555351457077736,0,success,1723951449487,1723951459975
portfolio,build,production,18357555351457077736,0,success,1723951507753,1723951518338
portfolio,build,production,18357555351457077736,0,success,1723951558666,1723951569330
portfolio,build,production,18357555351457077736,0,success,1723951615062,1723951625674
portfolio,build,production,18357555351457077736,0,success,1723951668508,1723951678954
portfolio,build,production,18357555351457077736,0,success,1723951723766,1723951734339
